{
    "Multinomial Naive Bayes": {
        "metrics": {
            "accuracy": {
                "mean": 0.666039268788084,
                "std": 0.03364916467865801,
                "scores": [
                    0.6587677725118484,
                    0.6523809523809524,
                    0.6952380952380952,
                    0.7095238095238096,
                    0.6142857142857143
                ]
            },
            "precision": {
                "mean": 0.6765016156443672,
                "std": 0.03169149516167126,
                "scores": [
                    0.6646973297169929,
                    0.6872448979591838,
                    0.695253657018363,
                    0.713801896044459,
                    0.6215102974828375
                ]
            },
            "recall": {
                "mean": 0.666039268788084,
                "std": 0.03364916467865801,
                "scores": [
                    0.6587677725118484,
                    0.6523809523809524,
                    0.6952380952380952,
                    0.7095238095238096,
                    0.6142857142857143
                ]
            },
            "f1": {
                "mean": 0.6637361854154937,
                "std": 0.03461692913589986,
                "scores": [
                    0.6579084001094676,
                    0.6428264308335507,
                    0.6951827895662394,
                    0.7089237474745183,
                    0.6138395590936926
                ]
            }
        },
        "final_model": "<model.MultinomialNaiveBayes object at 0x0000018EBF11E1E0>"
    },
    "SVM": {
        "metrics": {
            "accuracy": {
                "mean": 0.503313021891221,
                "std": 0.022601575062523863,
                "scores": [
                    0.5213270142180095,
                    0.4714285714285714,
                    0.5047619047619047,
                    0.4857142857142857,
                    0.5333333333333333
                ]
            },
            "precision": {
                "mean": 0.25383482920057954,
                "std": 0.02271065695300377,
                "scores": [
                    0.2717818557534647,
                    0.22224489795918367,
                    0.2547845804988662,
                    0.23591836734693877,
                    0.28444444444444444
                ]
            },
            "recall": {
                "mean": 0.503313021891221,
                "std": 0.022601575062523863,
                "scores": [
                    0.5213270142180095,
                    0.4714285714285714,
                    0.5047619047619047,
                    0.4857142857142857,
                    0.5333333333333333
                ]
            },
            "f1": {
                "mean": 0.3373221721445611,
                "std": 0.025169367196319643,
                "scores": [
                    0.35729577298430554,
                    0.3020804438280167,
                    0.3386377335744425,
                    0.31758241758241756,
                    0.3710144927536232
                ]
            }
        },
        "final_model": "<model.SVM object at 0x0000018EC3F382F0>"
    }
}