{
    "Multinomial Naive Bayes": {
        "metrics": {
            "accuracy": {
                "mean": 0.6724120949473061,
                "std": 0.045323236243292375,
                "scores": [
                    0.5874125874125874,
                    0.6690140845070423,
                    0.6901408450704225,
                    0.7183098591549296,
                    0.6971830985915493
                ]
            },
            "precision": {
                "mean": 0.7272008552125917,
                "std": 0.025248909447121923,
                "scores": [
                    0.6906451080679755,
                    0.7277888924455825,
                    0.7647967349551856,
                    0.7116203715801301,
                    0.7411531690140846
                ]
            },
            "recall": {
                "mean": 0.6724120949473061,
                "std": 0.045323236243292375,
                "scores": [
                    0.5874125874125874,
                    0.6690140845070423,
                    0.6901408450704225,
                    0.7183098591549296,
                    0.6971830985915493
                ]
            },
            "f1": {
                "mean": 0.6481979229751721,
                "std": 0.05440960012816641,
                "scores": [
                    0.5494130993008454,
                    0.6418482762614751,
                    0.6647699166340425,
                    0.7125661772050744,
                    0.6723921454744232
                ]
            }
        },
        "final_model": "<model.MultinomialNaiveBayes object at 0x000001EB4517D5B0>"
    },
    "SVM": {
        "metrics": {
            "accuracy": {
                "mean": 0.4696542893725992,
                "std": 0.05898868614693865,
                "scores": [
                    0.5454545454545454,
                    0.4859154929577465,
                    0.49295774647887325,
                    0.36619718309859156,
                    0.45774647887323944
                ]
            },
            "precision": {
                "mean": 0.22405481661942322,
                "std": 0.05330021994878613,
                "scores": [
                    0.29752066115702475,
                    0.2361138662963698,
                    0.24300733981352907,
                    0.13410037690934337,
                    0.20953183892084903
                ]
            },
            "recall": {
                "mean": 0.4696542893725992,
                "std": 0.05898868614693865,
                "scores": [
                    0.5454545454545454,
                    0.4859154929577465,
                    0.49295774647887325,
                    0.36619718309859156,
                    0.45774647887323944
                ]
            },
            "f1": {
                "mean": 0.30243058967539815,
                "std": 0.06176935813742261,
                "scores": [
                    0.3850267379679145,
                    0.3178025498965356,
                    0.32553813446718044,
                    0.196311891970379,
                    0.2874736340749813
                ]
            }
        },
        "final_model": "<model.SVM object at 0x000001EB4517E270>"
    }
}