{
    "Multinomial Naive Bayes": {
        "metrics": {
            "accuracy": {
                "mean": 0.6593726021214172,
                "std": 0.034273818423358186,
                "scores": [
                    0.6587677725118484,
                    0.6428571428571429,
                    0.6904761904761905,
                    0.7,
                    0.6047619047619047
                ]
            },
            "precision": {
                "mean": 0.6691229895674586,
                "std": 0.031192058571971482,
                "scores": [
                    0.6646973297169929,
                    0.673136645962733,
                    0.6905475606538373,
                    0.7041647597254005,
                    0.6130686517783291
                ]
            },
            "recall": {
                "mean": 0.6593726021214172,
                "std": 0.034273818423358186,
                "scores": [
                    0.6587677725118484,
                    0.6428571428571429,
                    0.6904761904761905,
                    0.7,
                    0.6047619047619047
                ]
            },
            "f1": {
                "mean": 0.6571511249792173,
                "std": 0.0353537352029546,
                "scores": [
                    0.6579084001094676,
                    0.6341861085583849,
                    0.6903708505523592,
                    0.6993802637851582,
                    0.6039100018907166
                ]
            }
        },
        "final_model": "<model.MultinomialNaiveBayes object at 0x0000023142D24170>"
    },
    "SVM": {
        "metrics": {
            "accuracy": {
                "mean": 0.6793545475062064,
                "std": 0.03681764581259634,
                "scores": [
                    0.6777251184834123,
                    0.6571428571428571,
                    0.7238095238095238,
                    0.7142857142857143,
                    0.6238095238095238
                ]
            },
            "precision": {
                "mean": 0.68001298001259,
                "std": 0.03656644111284877,
                "scores": [
                    0.6777251184834123,
                    0.6604388617105486,
                    0.7240346320346321,
                    0.7142857142857143,
                    0.6235805735486422
                ]
            },
            "recall": {
                "mean": 0.6793545475062064,
                "std": 0.03681764581259634,
                "scores": [
                    0.6777251184834123,
                    0.6571428571428571,
                    0.7238095238095238,
                    0.7142857142857143,
                    0.6238095238095238
                ]
            },
            "f1": {
                "mean": 0.6793298399464636,
                "std": 0.036801522301883445,
                "scores": [
                    0.6777251184834123,
                    0.6572983620153431,
                    0.7236590932669364,
                    0.7142857142857143,
                    0.6236809116809116
                ]
            }
        },
        "final_model": "<model.SVM object at 0x0000023146BFEB70>"
    }
}